nombre_hotel,tipo_alojamiento
Buzzdog,Hotel
Mydeo,FincaTurística
Browsezoom,FincaTurística
Ooba,FincaTurística
Babbleopia,Hotel
Quimba,Hotel
Lazzy,Hotel
Gigaclub,Hostal
Jayo,Hostal
Yakitri,Hostal
Youopia,FincaTurística
Photobug,Hostal
Demizz,Hostal
Yombu,FincaTurística
Thoughtbeat,FincaTurística
Quinu,FincaTurística
Quamba,Hostal
Feedmix,FincaTurística
Voolia,Hostal
Twiyo,FincaTurística
Einti,FincaTurística
Devcast,Hostal
Flashdog,Hotel
Skyvu,Hostal
Youbridge,Hotel
Meedoo,FincaTurística
Camimbo,FincaTurística
Kazio,FincaTurística
Tagtune,Hostal
Bubblemix,Hostal
Rhyzio,Hostal
Quamba,Hostal
Yoveo,Hostal
Livepath,Hostal
Jaxspan,FincaTurística
Yakitri,Hostal
Oba,Hostal
Yotz,Hostal
Lajo,Hotel
Kwinu,FincaTurística
Thoughtbridge,Hotel
Innojam,Hostal
Dynava,Hotel
Realcube,Hotel
Bubbletube,Hotel
Skynoodle,Hostal
Roomm,FincaTurística
Edgepulse,FincaTurística
Aimbo,FincaTurística
Photobug,FincaTurística
Quatz,Hostal
Eire,Hostal
Tavu,Hotel
Skyndu,FincaTurística
Dazzlesphere,FincaTurística
Livepath,FincaTurística
Fanoodle,Hostal
Feedfire,Hostal
Riffwire,Hostal
Oyoba,Hotel
Blognation,Hostal
Feednation,Hostal
BlogXS,Hostal
Viva,Hostal
Gabcube,FincaTurística
Voonyx,FincaTurística
Snaptags,FincaTurística
Twinder,Hotel
Camido,Hostal
Topicware,Hostal
Skyble,FincaTurística
Twimm,Hostal
Twinte,Hostal
Oyonder,Hostal
Yata,Hostal
Gabcube,Hotel
Yadel,Hotel
Reallinks,FincaTurística
Abata,FincaTurística
Ntags,FincaTurística
Quinu,FincaTurística
Rhyloo,Hostal
Agimba,Hostal
Dynabox,Hotel
Mydeo,Hotel
Twitterworks,FincaTurística
Podcat,FincaTurística
Kwinu,Hostal
Rhyzio,FincaTurística
Zoombeat,Hostal
Yadel,FincaTurística
Midel,FincaTurística
Realmix,Hotel
Centizu,FincaTurística
Jabbersphere,FincaTurística
Wordpedia,Hotel
Eare,Hotel
Photofeed,FincaTurística
Rhynyx,Hotel
Zooveo,Hostal
Flashpoint,Hostal
Mudo,FincaTurística
Voonder,Hostal
Aimbu,Hostal
Browsecat,Hostal
Miboo,Hostal
Mynte,FincaTurística
Voonte,FincaTurística
Ailane,FincaTurística
Wordpedia,Hostal
Topicware,FincaTurística
Jaxbean,Hotel
Youspan,Hostal
Kazu,FincaTurística
Quinu,FincaTurística
Meevee,Hotel
Blogtags,FincaTurística
Divanoodle,Hostal
Rhycero,Hotel
Rhybox,FincaTurística
Skajo,Hotel
Skaboo,FincaTurística
Kwilith,Hostal
Browseblab,Hostal
Voonte,Hotel
Flipopia,Hotel
Wikivu,Hostal
Yodoo,FincaTurística
Voonder,Hotel
Bluezoom,Hotel
Teklist,Hostal
Muxo,Hostal
Voonix,Hostal
Kazio,Hotel
Tazzy,FincaTurística
Dabtype,Hostal
Babbleopia,Hostal
Quire,FincaTurística
Zoonder,Hotel
Jaxworks,Hostal
Babbleset,Hotel
Rhynoodle,Hostal
Ainyx,Hotel
Ailane,Hotel
Flashspan,Hotel
Jaxspan,Hotel
Edgetag,FincaTurística
Fadeo,FincaTurística
Roodel,FincaTurística
Topicshots,Hotel
Podcat,Hotel
Linklinks,Hotel
Zooxo,FincaTurística
Yata,Hotel
Wikivu,Hostal
Brainbox,Hotel
Dazzlesphere,Hostal
Dabjam,Hostal
Yamia,FincaTurística
Brainbox,FincaTurística
Brightbean,Hotel
Kamba,FincaTurística
Omba,Hostal
Cogibox,Hostal
Brainlounge,FincaTurística
Twitterbeat,Hostal
Skinder,Hostal
Jabberstorm,FincaTurística
Quimm,Hotel
Jabbersphere,Hotel
Babblestorm,FincaTurística
Skipfire,Hotel
Mycat,FincaTurística
Rhybox,Hostal
Twitterlist,FincaTurística
Rhyloo,Hotel
Oyondu,Hostal
Zooveo,Hotel
Izio,Hotel
Kazu,Hostal
Abata,FincaTurística
Jayo,Hotel
Rooxo,Hostal
Rhyloo,Hostal
Edgeify,Hotel
Skimia,Hostal
Thoughtstorm,Hotel
Jaxbean,Hotel
Flashset,Hotel
Tavu,Hostal
Talane,FincaTurística
Rhynyx,Hostal
Geba,Hotel
Kazu,Hostal
Devify,Hotel
Twiyo,Hostal
Geba,Hostal
JumpXS,FincaTurística
Feednation,FincaTurística
Linklinks,FincaTurística
Podcat,FincaTurística
Skinix,Hostal
Zoomdog,Hotel
Snaptags,Hostal
Pixope,Hotel
Roomm,FincaTurística
Quinu,FincaTurística
Jaxnation,Hostal
Jazzy,FincaTurística
Meetz,Hotel
Katz,Hostal
Brightbean,Hotel
Tagcat,FincaTurística
Gabvine,Hotel
Eire,FincaTurística
Flipopia,Hostal
Zava,Hostal
Meemm,Hostal
Oyondu,Hotel
Ntags,FincaTurística
Mynte,FincaTurística
Tagopia,Hotel
Centizu,Hotel
Zoomzone,FincaTurística
Wikizz,Hotel
Browsebug,FincaTurística
Fanoodle,Hostal
Flashpoint,FincaTurística
Dabfeed,Hostal
Ozu,FincaTurística
Skilith,FincaTurística
Edgepulse,FincaTurística
Skinix,Hotel
Tagcat,Hotel
Avavee,FincaTurística
Devpulse,Hotel
Kanoodle,Hotel
Fadeo,FincaTurística
Twiyo,Hostal
DabZ,Hotel
Trupe,FincaTurística
Skipstorm,Hostal
Tekfly,Hostal
Rhycero,Hotel
Twitterlist,FincaTurística
Skyvu,FincaTurística
Tazz,FincaTurística
Shuffletag,FincaTurística
Roodel,Hostal
Zoombeat,Hostal
Twimbo,FincaTurística
Realfire,Hotel
Gigazoom,Hotel
Yombu,Hostal
Wikizz,Hostal
Edgeclub,FincaTurística
Skynoodle,Hostal
Dabfeed,Hotel
Eayo,Hotel
Centizu,FincaTurística
Rhynyx,Hostal
Aimbo,Hotel
Yodel,Hostal
Flipbug,Hostal
Zazio,Hostal
Blogpad,FincaTurística
Jayo,Hotel
Chatterpoint,FincaTurística
Skinte,FincaTurística
Flashpoint,Hotel
Quimba,FincaTurística
Linkbuzz,Hostal
Realblab,FincaTurística
Voomm,Hostal
Jabbertype,FincaTurística
Riffpath,FincaTurística
Jetpulse,Hostal
Quimba,FincaTurística
Wikizz,Hostal
Roodel,Hostal
Fivechat,Hotel
Oba,FincaTurística
Twimm,Hotel
Skynoodle,Hotel
Fivebridge,FincaTurística
Pixonyx,FincaTurística
Skippad,FincaTurística
Yodel,Hostal
Dablist,Hostal
Brightbean,Hotel
Teklist,FincaTurística
Jamia,FincaTurística
Thoughtsphere,FincaTurística
Centidel,Hostal
Brainlounge,Hotel
Chatterbridge,Hotel
Brightdog,Hotel
Voomm,Hotel
Lazz,Hostal
Tazz,Hotel
Topdrive,FincaTurística
Realcube,FincaTurística
Divanoodle,Hotel
Bubblemix,Hostal
Jaxworks,FincaTurística
Dabtype,Hotel
Babblestorm,Hostal
Blognation,FincaTurística
Wikizz,Hotel
Gabvine,Hostal
Voonder,Hotel
Zoomlounge,Hostal
Voonte,Hostal
Skimia,Hostal
Linktype,FincaTurística
Agivu,Hotel
Youtags,FincaTurística
Feedbug,Hotel
Mybuzz,FincaTurística
Innotype,Hostal
Devpoint,Hotel
Skiptube,Hostal
Fanoodle,Hostal
Digitube,FincaTurística
Skidoo,Hotel
Thoughtblab,Hotel
Yamia,Hotel
Trunyx,Hotel
Snaptags,Hotel
Divavu,FincaTurística
Yombu,FincaTurística
Meezzy,Hotel
Flipstorm,Hostal
Ntags,Hotel
Photojam,Hotel
Teklist,FincaTurística
Skyvu,Hotel
Blogspan,Hotel
Chatterpoint,Hotel
Meezzy,Hostal
Zoomlounge,Hotel
Voonyx,FincaTurística
Aimbu,Hostal
Flipopia,Hostal
Babbleopia,Hostal
Voolith,Hostal
Lajo,Hotel
Wordify,Hostal
Omba,FincaTurística
Zava,Hotel
Quaxo,Hotel
Trunyx,FincaTurística
Skynoodle,Hotel
Avaveo,Hostal
Shuffletag,Hotel
Roodel,Hotel
Babbleopia,Hotel
Wikizz,FincaTurística
Meemm,FincaTurística
Skilith,Hotel
Photospace,Hotel
Zoomzone,Hostal
Livetube,Hostal
Jetwire,FincaTurística
Bubblebox,FincaTurística
Gabvine,Hostal
Gevee,Hotel
Fadeo,Hostal
Katz,Hotel
Zoomdog,Hotel
Trudoo,Hotel
Brightbean,FincaTurística
Blogspan,Hostal
Jetpulse,Hostal
Mycat,FincaTurística
Zoomdog,Hotel
Fiveclub,FincaTurística
Realblab,FincaTurística
Wikido,FincaTurística
Twitterworks,FincaTurística
Abata,Hostal
Latz,Hostal
Photofeed,Hotel
Eire,FincaTurística
Jamia,FincaTurística
Youfeed,Hostal
Oyope,FincaTurística
Bubblebox,Hostal
Gabvine,Hostal
Tagtune,Hostal
Zoombeat,Hostal
Ntags,Hostal
Kamba,FincaTurística
Yata,FincaTurística
Janyx,Hostal
Skaboo,FincaTurística
Eare,Hotel
Flashset,Hotel
Zoomlounge,Hotel
Zoomzone,Hotel
Topicstorm,Hostal
Rhynyx,Hotel
Jayo,FincaTurística
Topicshots,FincaTurística
Vipe,FincaTurística
Photobug,Hotel
Einti,FincaTurística
Topicshots,Hostal
Bluezoom,Hostal
Tazzy,FincaTurística
Bluejam,FincaTurística
Oyoyo,FincaTurística
Realcube,FincaTurística
Quinu,Hostal
Photobug,FincaTurística
Dabfeed,FincaTurística
Quamba,Hotel
Jaxbean,Hotel
Youspan,Hotel
Dabfeed,FincaTurística
Jamia,FincaTurística
Brainverse,Hostal
Photobug,Hotel
Quimba,Hotel
Realcube,Hostal
Twitterbridge,FincaTurística
Yodo,FincaTurística
Dabjam,Hostal
Trilith,Hotel
Mybuzz,Hostal
Realbridge,FincaTurística
Oyoyo,Hotel
Trilith,FincaTurística
Digitube,FincaTurística
Skimia,Hotel
Jabbercube,Hotel
Babbleset,FincaTurística
Aimbu,FincaTurística
Youbridge,Hotel
Kanoodle,Hostal
Tekfly,Hotel
Thoughtbeat,FincaTurística
Yadel,Hostal
Cogidoo,FincaTurística
Lajo,Hostal
Topicblab,FincaTurística
Abatz,Hostal
Jetwire,FincaTurística
Dynazzy,Hotel
Eimbee,Hostal
Jamia,Hotel
Eazzy,Hostal
Livepath,Hotel
Twitterwire,Hotel
Eazzy,Hostal
Devbug,Hostal
Skyvu,Hotel
Twitterlist,Hostal
Flipopia,FincaTurística
Quatz,FincaTurística
Topiczoom,Hotel
Trupe,Hostal
Dabfeed,Hostal
Topicstorm,Hotel
Skynoodle,FincaTurística
Yabox,Hotel
Yabox,Hotel
Meevee,Hostal
Fivespan,FincaTurística
Zoozzy,FincaTurística
Fatz,Hotel
Meembee,Hotel
Edgetag,FincaTurística
Abata,FincaTurística
Twimbo,Hotel
Avamm,FincaTurística
Voomm,Hotel
Eire,Hostal
Yozio,Hotel
Twimm,Hostal
Bubblemix,FincaTurística
Talane,Hotel
Zooxo,FincaTurística
Flashdog,Hostal
Skipstorm,FincaTurística
Blogpad,Hotel
Blogpad,Hotel
Zoomlounge,FincaTurística
Geba,FincaTurística
Aivee,Hostal
Kwilith,FincaTurística
Ainyx,FincaTurística
Thoughtstorm,Hotel
Eazzy,Hotel
Meeveo,Hotel
Photobug,Hotel
Meeveo,Hotel
Browsebug,FincaTurística
Rooxo,Hotel
Yodo,Hotel
Mymm,Hotel
Jayo,FincaTurística
Rhynyx,Hotel
Flashpoint,FincaTurística
Wikizz,FincaTurística
Realcube,FincaTurística
Jetpulse,FincaTurística
Feednation,FincaTurística
Browsecat,FincaTurística
Wikido,FincaTurística
Dynava,Hostal
Skivee,FincaTurística
Avamba,Hostal
Eidel,Hotel
Jatri,FincaTurística
Roombo,Hotel
Youspan,Hotel
Wordify,Hostal
Geba,Hotel
Kamba,FincaTurística
Roombo,Hostal
Wikibox,Hostal
Plajo,Hostal
Ailane,Hotel
Eire,Hostal
Kwideo,Hotel
Demimbu,Hotel
Fivespan,Hotel
Topicstorm,Hotel
Tagcat,Hostal
Flashdog,Hostal
Thoughtworks,Hostal
Kamba,FincaTurística
Camido,FincaTurística
Camido,Hotel
Linklinks,FincaTurística
Skilith,Hostal
Skimia,FincaTurística
Wordtune,Hostal
Jabbercube,FincaTurística
Wordware,Hostal
Youfeed,FincaTurística
Jaxbean,Hostal
Voolia,Hostal
Dablist,Hostal
Voonte,Hotel
Zazio,Hostal
Thoughtbridge,Hotel
Yata,FincaTurística
Rhynoodle,FincaTurística
Twitterlist,Hostal
Livefish,Hostal
Thoughtmix,FincaTurística
Abata,Hostal
Cogibox,Hotel
Jetpulse,FincaTurística
Blogpad,FincaTurística
Eayo,FincaTurística
Yodoo,Hotel
Blogtag,Hotel
Gigashots,Hotel
Demimbu,FincaTurística
Eidel,FincaTurística
Mybuzz,FincaTurística
Mita,Hotel
Trilia,Hotel
Blogtags,Hostal
Feedmix,Hotel
Meetz,Hotel
Jetwire,Hostal
Yakijo,Hostal
Gabspot,Hotel
Jaxspan,Hostal
Pixope,FincaTurística
Fivechat,Hotel
Leenti,Hostal
Browsedrive,Hotel
Quinu,Hotel
Gabvine,Hotel
Miboo,Hostal
Meevee,FincaTurística
Zoomzone,Hostal
Mybuzz,Hotel
Meetz,FincaTurística
Demivee,FincaTurística
Fadeo,Hotel
Livetube,Hostal
Bluezoom,Hostal
Kazio,FincaTurística
Ainyx,Hostal
Meevee,FincaTurística
Talane,Hotel
Riffpath,Hostal
Skiba,FincaTurística
Avaveo,FincaTurística
Geba,Hotel
Skipfire,FincaTurística
Blogtags,Hotel
Youbridge,Hotel
Voonix,FincaTurística
Blogpad,Hostal
Twitterworks,Hostal
Youopia,Hostal
Gevee,FincaTurística
Babbleopia,Hostal
Centidel,FincaTurística
Jabbersphere,Hostal
Tagpad,Hotel
Jatri,Hostal
Meejo,FincaTurística
Quinu,Hostal
Twitterlist,FincaTurística
Vidoo,Hostal
Yakijo,Hostal
Feedfire,FincaTurística
Janyx,FincaTurística
Feedbug,Hotel
Buzzshare,Hotel
Muxo,Hostal
Skidoo,Hostal
Buzzster,FincaTurística
Yodel,Hotel
Avaveo,FincaTurística
Ntags,Hostal
Centizu,FincaTurística
Devify,Hotel
Fadeo,Hotel
Demivee,Hotel
Rhynyx,Hotel
Edgetag,FincaTurística
Twitternation,FincaTurística
Eazzy,Hostal
Omba,Hotel
Skimia,Hostal
Cogibox,Hotel
Zoonoodle,Hotel
Teklist,Hotel
Rooxo,Hostal
Voonder,Hotel
Janyx,Hotel
Brightdog,FincaTurística
Yakidoo,FincaTurística
Realmix,Hostal
Gabtune,Hotel
Avamba,Hotel
Devbug,Hostal
Skidoo,Hostal
Livefish,Hostal
Snaptags,Hotel
Zoombeat,Hotel
Browsezoom,FincaTurística
Oloo,Hostal
Chatterpoint,Hostal
Edgetag,Hotel
Wikizz,Hostal
Kaymbo,FincaTurística
Yoveo,Hotel
Devpoint,Hotel
Thoughtstorm,Hotel
Eabox,Hostal
Eazzy,FincaTurística
JumpXS,Hostal
Linkbuzz,Hostal
Skivee,FincaTurística
Twitterbridge,Hostal
Twiyo,FincaTurística
Blogtag,Hotel
Avamba,Hotel
Zoonoodle,FincaTurística
Twitterbeat,Hotel
Mydeo,Hostal
Janyx,Hotel
Pixonyx,Hotel
Yotz,Hotel
Twinte,Hotel
Zoonder,Hotel
Roombo,Hotel
Thoughtstorm,Hostal
Voonyx,FincaTurística
Browsezoom,Hotel
Quamba,FincaTurística
Tagtune,Hotel
Skinder,FincaTurística
Riffpedia,Hostal
Voomm,Hotel
Miboo,Hostal
Ailane,FincaTurística
Thoughtblab,Hostal
Brightbean,Hostal
Zoombox,Hostal
Trupe,FincaTurística
Browseblab,FincaTurística
Skinder,Hotel
Feedfire,FincaTurística
Livetube,Hostal
Livefish,FincaTurística
Edgeblab,Hotel
Livepath,Hotel
Thoughtmix,FincaTurística
Skidoo,Hostal
Yadel,FincaTurística
Skipstorm,FincaTurística
Jaxspan,FincaTurística
Tazzy,FincaTurística
Buzzbean,Hotel
Cogibox,Hotel
Jabbersphere,FincaTurística
Thoughtbridge,Hotel
Skimia,FincaTurística
Janyx,Hotel
Gabcube,Hostal
Roombo,Hostal
Gabvine,Hotel
Twitterlist,Hostal
Zoomlounge,Hostal
Jatri,FincaTurística
Brainbox,Hotel
Jetpulse,Hostal
Shufflebeat,Hostal
Flipopia,Hostal
Katz,Hotel
Yodel,FincaTurística
Bubblebox,FincaTurística
Flipbug,FincaTurística
Vidoo,Hotel
Skiptube,FincaTurística
Yabox,Hotel
Gigabox,Hotel
Babbleblab,FincaTurística
Rhyloo,Hostal
Zoombox,Hostal
Aimbu,Hotel
Skiba,FincaTurística
Abatz,Hostal
Quinu,FincaTurística
Reallinks,Hostal
Trunyx,Hotel
Feedspan,Hotel
Eamia,Hostal
Skinte,Hostal
Kaymbo,FincaTurística
Dabfeed,Hostal
Ntag,Hostal
Feedfire,FincaTurística
Omba,Hotel
Topiclounge,Hostal
Abata,Hostal
Latz,Hostal
Avaveo,FincaTurística
Zoonder,FincaTurística
Tagopia,Hostal
Aivee,FincaTurística
Skinix,Hostal
Wordpedia,FincaTurística
Meemm,FincaTurística
Trilith,Hotel
InnoZ,Hotel
Tagchat,Hostal
Vinder,Hotel
Layo,Hotel
Edgepulse,Hostal
Quinu,Hotel
Quimba,Hotel
Aibox,Hostal
Photospace,Hotel
Pixope,Hotel
Fivechat,Hostal
Bluezoom,FincaTurística
Yadel,Hotel
Ailane,Hostal
Skynoodle,FincaTurística
Plambee,Hotel
Yotz,Hostal
Flashset,FincaTurística
Leenti,Hostal
Bubblemix,FincaTurística
Agivu,Hostal
Oyope,Hotel
Wordware,Hotel
Brightbean,Hotel
Jaxspan,Hotel
Quimm,Hostal
Lazz,Hotel
Jaxbean,Hotel
Voonder,Hotel
Zazio,FincaTurística
Podcat,Hostal
Katz,Hostal
Kimia,Hostal
Viva,Hostal
Thoughtblab,FincaTurística
Zoovu,Hotel
Voolith,Hostal
Browsezoom,FincaTurística
Kwimbee,Hotel
Omba,FincaTurística
Quinu,FincaTurística
Babbleopia,Hotel
Riffwire,Hotel
Topicshots,Hostal
Oloo,FincaTurística
Zoomdog,Hostal
Zooxo,Hostal
Innojam,FincaTurística
Vinder,Hotel
Livefish,Hotel
Skyba,Hostal
Realfire,Hostal
Leexo,Hotel
Minyx,Hotel
Avaveo,Hostal
Tagtune,FincaTurística
Oyonder,FincaTurística
Realbridge,Hotel
LiveZ,FincaTurística
JumpXS,Hotel
Zooveo,Hostal
Yabox,Hostal
Einti,FincaTurística
Bluejam,FincaTurística
Jabberstorm,Hostal
Agimba,Hostal
Ozu,Hotel
Jaloo,FincaTurística
Leexo,FincaTurística
Wordpedia,FincaTurística
Tanoodle,FincaTurística
Skipfire,FincaTurística
Jaxspan,FincaTurística
Shufflester,Hotel
Jabbertype,Hotel
Kimia,Hostal
Lajo,Hotel
Buzzster,Hotel
Vipe,Hotel
Zazio,Hotel
Camimbo,FincaTurística
Aimbu,Hostal
Skipstorm,Hotel
Vinder,Hotel
Jabbercube,FincaTurística
Edgeclub,FincaTurística
Jazzy,Hostal
Tanoodle,Hostal
Camimbo,FincaTurística
Zoomlounge,FincaTurística
Zooxo,Hotel
Voolia,Hotel
Photofeed,Hostal
Topiclounge,FincaTurística
Skyvu,Hostal
Kanoodle,Hotel
Eimbee,FincaTurística
Voolith,Hotel
Livepath,Hotel
Kazu,Hotel
Topicstorm,Hotel
Quatz,FincaTurística
Tagcat,FincaTurística
Geba,FincaTurística
Yoveo,FincaTurística
Jayo,Hostal
Meevee,FincaTurística
Dynabox,FincaTurística
Aimbu,FincaTurística
Bubbletube,Hostal
Thoughtstorm,FincaTurística
Youspan,FincaTurística
Aimbo,FincaTurística
Voonix,Hostal
Browseblab,Hostal
Voolia,Hostal
Thoughtmix,Hostal
Gigabox,Hotel
Dynazzy,Hotel
Topiclounge,Hotel
Eazzy,Hostal
Skynoodle,Hotel
Devpoint,Hostal
Vipe,FincaTurística
Skipstorm,Hotel
Livetube,Hotel
Kaymbo,Hotel
Rhynoodle,Hotel
Feednation,Hostal
Abatz,FincaTurística
Jabbersphere,Hotel
Avamba,Hostal
Dynabox,Hostal
Chatterpoint,FincaTurística
Eidel,Hostal
Topdrive,FincaTurística
Plajo,Hostal
Fivechat,Hostal
Bubbletube,Hotel
Oloo,Hotel
Photobug,Hotel
Bubbletube,FincaTurística
Eazzy,Hostal
Realblab,Hotel
Babbleblab,FincaTurística
Eimbee,Hotel
Gigabox,FincaTurística
Edgeclub,Hotel
Youspan,Hotel
Jazzy,Hotel
Aivee,FincaTurística
Wikizz,FincaTurística
Rhybox,Hostal
Trilia,FincaTurística
Youfeed,FincaTurística
Yodoo,Hotel
Bubbletube,FincaTurística
Quinu,FincaTurística
Feedmix,Hotel
Youtags,Hotel
Skyvu,Hostal
Wordify,Hotel
Feedbug,Hostal
Voonix,Hotel
Jayo,Hostal
Avavee,Hostal
Zoombeat,FincaTurística
Minyx,FincaTurística
Leenti,Hostal
Twitterwire,Hotel
Ntags,Hotel
Flipstorm,Hostal
Demizz,Hostal
Buzzshare,Hotel
Oyoyo,Hostal
Shufflester,FincaTurística
Riffpedia,Hotel
Eazzy,FincaTurística
Buzzshare,Hostal
Photospace,FincaTurística
Thoughtstorm,FincaTurística
Twitternation,Hotel
Lajo,Hotel
Vidoo,Hotel
Cogilith,FincaTurística
Yacero,Hotel
Tazzy,Hostal
Mydeo,FincaTurística
Eayo,FincaTurística
Topicstorm,Hostal
Shuffletag,Hostal
Roomm,Hostal
Realcube,Hotel
Mydeo,Hostal
Browsebug,Hotel
Roombo,Hostal
Skidoo,Hostal
Realcube,FincaTurística
Eadel,FincaTurística
Eimbee,FincaTurística
Muxo,Hostal
Trunyx,Hostal
Realmix,Hostal
Trilith,FincaTurística
Realblab,Hotel
Oyoba,Hostal
Twinte,Hotel
Yozio,FincaTurística
Shufflebeat,Hotel
Eare,Hotel
Kazio,FincaTurística
Vimbo,FincaTurística
Youtags,FincaTurística
Edgeblab,FincaTurística
Realbuzz,Hotel
Zazio,Hostal
Camido,Hostal
Jamia,FincaTurística
Omba,Hostal
Rhynyx,Hotel
Eamia,Hotel
Tambee,Hotel
Flashspan,Hotel
Quamba,Hotel
Kayveo,Hotel
Mycat,Hostal
Midel,FincaTurística
Edgetag,Hostal
Oyope,Hostal
Youspan,Hostal
Topicblab,Hotel
Eimbee,Hostal
Yozio,Hostal
Ooba,Hotel
Wikibox,FincaTurística
Eimbee,Hostal
Digitube,FincaTurística
Devcast,Hotel
Vidoo,Hotel
Zoozzy,Hostal
Meezzy,Hostal
Tavu,Hostal
Twinder,Hostal
Dabfeed,Hotel
